<?xml version="1.0" encoding="UTF-8"?>
<beans xmlns="http://www.springframework.org/schema/beans" xmlns:xsi="http://www.w3.org/2001/XMLSchema-instance"
	xmlns:jee="http://www.springframework.org/schema/jee" xmlns:tx="http://www.springframework.org/schema/tx"
	xmlns:context="http://www.springframework.org/schema/context" xmlns:aop="http://www.springframework.org/schema/aop"
	xmlns:ehcache="http://ehcache-spring-annotations.googlecode.com/svn/schema/ehcache-spring"
	xsi:schemaLocation="http://www.springframework.org/schema/beans http://www.springframework.org/schema/beans/spring-beans-2.5.xsd http://www.springframework.org/schema/tx http://www.springframework.org/schema/tx/spring-tx-2.5.xsd http://www.springframework.org/schema/jee http://www.springframework.org/schema/jee/spring-jee-2.5.xsd http://www.springframework.org/schema/context http://www.springframework.org/schema/context/spring-context-2.5.xsd http://www.springframework.org/schema/aop http://www.springframework.org/schema/aop/spring-aop-2.5.xsd
	http://ehcache-spring-annotations.googlecode.com/svn/schema/ehcache-spring http://ehcache-spring-annotations.googlecode.com/svn/schema/ehcache-spring/ehcache-spring-1.2.xsd"
	default-autowire="byName">

	<!--原生jdbc支持  -->
	<bean id="nativeJdbcExtractor" class="org.springframework.jdbc.support.nativejdbc.CommonsDbcpNativeJdbcExtractor"
		lazy-init="true" />

	<!--spring Lob支持  -->
	<bean id="oracleLobHandler" class="org.springframework.jdbc.support.lob.OracleLobHandler" lazy-init="true">
		<property name="nativeJdbcExtractor">
			<ref local="nativeJdbcExtractor" />
		</property>
	</bean>
	<bean id="jdbcTemplate" class="org.springframework.jdbc.core.JdbcTemplate">
        <property name="dataSource" ref="dataSource"/>
    </bean>
	<!-- myBatis配置 -->
	<bean id="sqlSessionFactory" class="org.mybatis.spring.SqlSessionFactoryBean">  
	    <property name="configLocation" value="WEB-INF/mybatis-config.xml" />
	    <property name="mapperLocations" value="classpath*:/com/ptsoft/pts/**/model/sqlmap/*.xml"/>	   
	    <property name="dataSource" ref="dataSource" />
	</bean>
 	
 	<ehcache:annotation-driven cache-manager="ehCacheManager" />
	
	<!-- 使用ehcache缓存 -->    
	<!-- 启用缓存注解管理 -->
	<bean id="ehCacheManager" class="org.springframework.cache.ehcache.EhCacheManagerFactoryBean">
		<property name="configLocation" value="classpath:ehcache.xml" />
		<property name="shared" value="true" />
	</bean>
	
	<!-- 缓存管理 -->
	<bean id="cacheManager" class="org.springframework.cache.ehcache.EhCacheFactoryBean">
		<property name="cacheManager" ref="ehCacheManager" />
	</bean>
</beans>