<?xml version="1.0" encoding="UTF-8"?>
<beans xmlns="http://www.springframework.org/schema/beans"
	xmlns:xsi="http://www.w3.org/2001/XMLSchema-instance" xmlns:jee="http://www.springframework.org/schema/jee"
	xmlns:tx="http://www.springframework.org/schema/tx" xmlns:context="http://www.springframework.org/schema/context"
	xmlns:aop="http://www.springframework.org/schema/aop"
	xmlns:mvc="http://www.springframework.org/schema/mvc"
	xmlns:task="http://www.springframework.org/schema/task"
	xsi:schemaLocation="
	http://www.springframework.org/schema/mvc http://www.springframework.org/schema/mvc/spring-mvc.xsd
	http://www.springframework.org/schema/beans http://www.springframework.org/schema/beans/spring-beans-2.5.xsd 
	http://www.springframework.org/schema/tx http://www.springframework.org/schema/tx/spring-tx-2.5.xsd 
	http://www.springframework.org/schema/jee http://www.springframework.org/schema/jee/spring-jee-2.5.xsd 
	http://www.springframework.org/schema/context http://www.springframework.org/schema/context/spring-context-2.5.xsd 
	http://www.springframework.org/schema/aop http://www.springframework.org/schema/aop/spring-aop-2.5.xsd
	http://www.springframework.org/schema/task http://www.springframework.org/schema/task/spring-task-3.0.xsd"
	default-autowire="byName">

	<context:component-scan base-package="com.ptsoft.pts" />
	<!-- <context:component-scan base-package="com.ptsoft.common.filter" /> -->
	<mvc:interceptors>
		<bean class="com.ptsoft.common.interceptor.CustomInterceptor" />
		<mvc:interceptor>
			<mvc:mapping path="/api/*"/>
			<bean class="com.ptsoft.common.interceptor.APIInterceptor" />
		</mvc:interceptor>
	</mvc:interceptors>
	
	<!-- <bean id="taskExecutor" class="org.springframework.scheduling.concurrent.ThreadPoolTaskExecutor">
		 核心池大小 
		<property name="corePoolSize" value="5" />
		 最大核心池  
		<property name="maxPoolSize" value="50" />
		 排队量  
		<property name="queueCapacity" value="1000" />
		 保持活动的时间  
		<property name="keepAliveSeconds" value="60" />
	</bean>
     定时器任务   -->
    <task:annotation-driven/>
     <!-- 自动扫描的包名 -->      
    <context:component-scan base-package="com.ptsoft.job.task" />
	
</beans>