<?xml version="1.0" encoding="UTF-8" ?>
<!DOCTYPE mapper PUBLIC "-//mybatis.org//DTD Mapper 3.0//EN" "http://mybatis.org/dtd/mybatis-3-mapper.dtd" >
<mapper namespace="com.ptsoft.pts.system.dao.SysLogMapper" >
  <resultMap id="BaseResultMap" type="com.ptsoft.pts.system.model.vo.SysLog" >
    <id 	column="ID" 			property="id" 			jdbcType="INTEGER" />
    <result column="CREATE_TIME" 	property="create_time" 	jdbcType="VARCHAR" />
    <result column="OPERATOR"		property="operator"		jdbcType="VARCHAR" />
    <result column="OPERATOR_ID"	property="operator_id"	jdbcType="INTEGER" />
    <result column="IP" 			property="ip" 			jdbcType="VARCHAR" />
    <result column="BROWSER" 		property="browser" 		jdbcType="VARCHAR" />
    <result column="ACTION_ID" 		property="action_id" 	jdbcType="VARCHAR" />
    <result column="FUNCTION_ID" 	property="function_id" 	jdbcType="VARCHAR" />
    <result column="ACTION_TYPE" 	property="action_type" 	jdbcType="VARCHAR" />
    <result column="LOG_TYPE" 		property="log_type" 	jdbcType="VARCHAR" />
    <result column="CONTENT" 		property="content" 		jdbcType="VARCHAR" />
    <result column="STATUS"      	property="status"	    jdbcType="INTEGER" />
    <result column="RESULT" 		property="result" 		jdbcType="VARCHAR" />
  </resultMap>
  
  <select id="getLogs" resultMap="BaseResultMap" parameterType="com.ptsoft.pts.system.model.vo.SysLog">
  	Select * 
  	From SysLog
  	Order by id
  </select>
  
  <select id="SysLog_getListXls" resultMap="BaseResultMap" parameterType="map">
  	Select s.*
	From SysLog s
	Left Join SysUser u On s.operator_id = u.usrId
	Where subStr(s.create_time, 0, 10) Between #{fmtm, jdbcType=VARCHAR} And #{totm, jdbcType=VARCHAR}
	<if test="logType == 2">And s.log_type = 2</if>
	<if test="compId != null and compId != '-1'">And u.company_id = #{compId, jdbcType=INTEGER}</if>
	<if test="actionType != null and actionType != '-1'">And s.action_type = #{actionType, jdbcType=VARCHAR}</if>
	Order By s.id DESC 
  </select>
  
  <select id="SysLog_findByLogTp" resultMap="BaseResultMap" parameterType="map">
  	Select x.* from
	(
	    Select s.*, row_number() over (order by s.id DESC) num
	    From SysLog s
	    Left Join SysUser u On s.operator_id = u.usrId
	    Where subStr(s.create_time, 0, 10) Between #{fmtm, jdbcType=VARCHAR} And #{totm, jdbcType=VARCHAR}
	    <if test="logType == 2">And s.log_type = 2</if>
	    <if test="compId != null and compId != '-1'">And u.company_id = #{compId, jdbcType=INTEGER}</if>
	    <if test="actionType != null and actionType != '-1'">And s.action_type=#{actionType, jdbcType=VARCHAR}</if>
	    Order By s.id DESC 
	)x
	Where x.num Between #{begin, jdbcType=INTEGER} And #{end, jdbcType=INTEGER}
  </select>
  
  <select id="SysLog_getCountByTp" resultType="int" parameterType="map">
  	Select count(s.id) 
  	From SysLog s
  	Left Join SysUser u On s.operator_id = u.usrId
	Where subStr(s.create_time, 0, 10) Between #{fmtm, jdbcType=VARCHAR} And #{totm, jdbcType=VARCHAR}
	<if test="logType == 2">And s.log_type = 2</if>
	<if test="compId != null and compId != '-1'">And u.company_id = #{compId, jdbcType=INTEGER}</if>
	<if test="actionType != null and actionType != '-1'">And s.action_type=#{actionType, jdbcType=VARCHAR}</if>
  </select>
  
  <insert id="SysLog_insert" parameterType="com.ptsoft.pts.system.model.vo.SysLog" >
    <selectKey resultType="int" keyProperty="id" order="BEFORE">
		Select NVL(max(id),0)+1 from SysLog
    </selectKey>
    Insert Into SysLog (id, create_time, operator, operator_id, ip, browser, action_id, function_id, 
    action_type, log_type, content, status, result)
    Values 
    (
    	#{id, jdbcType=INTEGER}, to_char(sysdate,'yyyy-mm-dd hh24:mi:ss'), #{operator, jdbcType=VARCHAR}, 
      	#{operator_id, jdbcType=INTEGER}, #{ip, jdbcType=VARCHAR}, #{browser, jdbcType=VARCHAR}, 
      	#{action_id, jdbcType=VARCHAR}, #{function_id, jdbcType=VARCHAR}, #{action_type, jdbcType=VARCHAR}, 
      	#{log_type, jdbcType=INTEGER}, #{content, jdbcType=VARCHAR}, #{status, jdbcType=INTEGER}, 
      	#{result, jdbcType=VARCHAR}
    )
  </insert>
  
</mapper>